"";"stage";"sample_type";"treatment";"exposition";"run";"stage_exp";"Chao1";"se.chao1";"alpha_shannon";"alpha_simpson";"PD";"SR";"core_abundance"
"controlF_rep1";"female";"female_whole";"control";"unexposed";"run1";"UNEXP_female";98,1052631578947;8,86008231864718;0,229748836030785;0,0768777131072997;10,005394216;81;0,960401779890714
"controlF_rep2";"female";"female_whole";"control";"unexposed";"run1";"UNEXP_female";177,04;17,787079348301;0,903618348723251;0,48940408331533;9,323374075;130;0,641478729030771
"controlF_rep3";"female";"female_whole";"control";"unexposed";"run1";"UNEXP_female";152,714285714286;24,0795368713589;0,240444206070251;0,0700179622874946;9,748085378;97;0,964236316933412
"controlL_rep1";"larvae";"larvae_whole";"control";"unexposed";"run1";"UNEXP_larvae";431,333333333333;14,6382236315102;2,72465943712485;0,829860333453932;7,5065160755;384;0,000266910699306032
"controlL_rep2";"larvae";"larvae_whole";"control";"unexposed";"run1";"UNEXP_larvae";551,158536585366;15,6257618824898;3,12924559070526;0,835775555784038;8,1223732265;492;0,00105959142154785
"controlL_rep3";"larvae";"larvae_whole";"control";"unexposed";"run1";"UNEXP_larvae";446,048387096774;18,1426923736172;3,18229660217434;0,891620504938656;7,5214239305;380;0,00106837606837607
"ControlPE_rep1";"female";"female_midgut";"control";"unexposed";"run2";"UNEXP_femaleMID";153,545454545455;27,7587121206299;0,239195097518819;0,0607754077933209;25,97765975;93;0,969096297974363
"ControlPE_rep2";"female";"female_midgut";"control";"unexposed";"run2";"UNEXP_femaleMID";91;8,65527572852287;0,20102238008407;0,0491062052277126;17,410239765;76;0,975122610964631
"ControlPE_rep3";"female";"female_midgut";"control";"unexposed";"run2";"UNEXP_femaleMID";132;14,3138855755178;1,0373710008353;0,556397594016409;8,747745077;103;0,428490693307568
"ControlPE_rep4";"female";"female_midgut";"control";"unexposed";"run2";"UNEXP_femaleMID";112,333333333333;15,0735809913325;3,86124081523646;0,962308242996218;16,394892413;94;0,0875705034468352
"ControlPE_rep5";"female";"female_midgut";"control";"unexposed";"run2";"UNEXP_femaleMID";185,0625;16,0027508828317;0,873018589774681;0,383087092315124;28,955129616;150;0,188185158879659
"ControlPE_rep6";"female";"female_midgut";"control";"unexposed";"run2";"UNEXP_femaleMID";153,142857142857;40,5470613034748;0,0713559000134946;0,0150896489772528;11,835281901;73;0,992425147146635
"ControlPE_rep7";"female";"female_midgut";"control";"unexposed";"run2";"UNEXP_femaleMID";109,625;11,7895272467264;0,115936263511985;0,0280710208559427;11,609396566;86;0,985850502820702
"ControlPE_rep8";"female";"female_midgut";"control";"unexposed";"run2";"UNEXP_femaleMID";105;12,4647651550428;0,0859570812188337;0,0179806913532281;23,094202073;82;0,990967694039915
"ControlPE_rep9";"female";"female_midgut";"control";"unexposed";"run2";"UNEXP_femaleMID";207,75;27,4635694332147;1,3910459341856;0,473077702896059;27,034903572;146;0,719287022126139
"PE200_rep1";"female";"female_midgut";"200";"exposed";"run2";"EXP_femaleMID";114,875;16,6958163300523;0,425131471022965;0,159667762466039;12,1452798855;86;0,0635883826335878
"PE200_rep10";"female";"female_midgut";"200";"exposed";"run2";"EXP_femaleMID";173,25;15,0400827417894;0,774690096905918;0,214952184195365;39,91586062;144;0,885419028187108
"PE200_rep11";"female";"female_midgut";"200";"exposed";"run2";"EXP_femaleMID";130,333333333333;22,7401462789152;3,59274406150486;0,926512768735516;21,215720049;100;0,234404748572069
"PE200_rep12";"female";"female_midgut";"200";"exposed";"run2";"EXP_femaleMID";105,428571428571;11,3309939329153;0,404701505190323;0,105254021651253;10,2664023475;84;0,945858627080889
"PE200_rep13";"female";"female_midgut";"200";"exposed";"run2";"EXP_femaleMID";162;10,4628145588368;0,338350183408864;0,0825381069423228;29,829476272;141;0,95779397532059
"PE200_rep14";"female";"female_midgut";"200";"exposed";"run2";"EXP_femaleMID";93,5;12,1430312754332;1,42061534654524;0,410361825852087;19,525064724;76;0,766803210165524
"PE200_rep15";"female";"female_midgut";"200";"exposed";"run2";"EXP_femaleMID";129,25;25,613002422071;0,712364866001548;0,18675881246637;14,814207517;91;0,901682223817827
"PE200_rep16";"female";"female_midgut";"200";"exposed";"run2";"EXP_femaleMID";117,2;21,9271664532593;2,05766397776426;0,625694339518518;32,243199112;83;0,606143079315708
"PE200_rep2";"female";"female_midgut";"200";"exposed";"run2";"EXP_femaleMID";169,5;33,4576075717434;1,48799431503043;0,638578658768482;3,8332599695;117;0,0318097907835362
"PE200_rep3";"female";"female_midgut";"200";"exposed";"run2";"EXP_femaleMID";91,3333333333333;8,84798871883029;1,03392242967291;0,469924204126326;3,5772287395;78;0,0768803693530477
"PE200_rep4";"female";"female_midgut";"200";"exposed";"run2";"EXP_femaleMID";162,666666666667;19,5421311776215;2,05227715949579;0,707844862896096;3,9231065375;131;0,0206214318524838
"PE200_rep5";"female";"female_midgut";"200";"exposed";"run2";"EXP_femaleMID";148;15,9131394698274;0,98400363312202;0,457073072921389;8,248204554;111;0,708745567705621
"PE200_rep6";"female";"female_midgut";"200";"exposed";"run2";"EXP_femaleMID";135;14,3139423492702;0,118181003780547;0,0249785579034466;19,498962222;106;0,987429799698652
"PE200_rep7";"female";"female_midgut";"200";"exposed";"run2";"EXP_femaleMID";186,5;77,2753955844587;0,646423036224625;0,3356805842758;12,067100555;71;0,182824099398296
"PE200_rep8";"female";"female_midgut";"200";"exposed";"run2";"EXP_femaleMID";77;13,4926092750996;0,844773016630852;0,50798440243925;4,7383812185;57;0,00683659419129655
"PE200_rep9";"female";"female_midgut";"200";"exposed";"run2";"EXP_femaleMID";179,6875;26,1094300451058;0,930564070049868;0,525152229552427;6,4965879745;115;0,394196623263348
"PE200F_rep1";"female";"female_whole";"200";"exposed";"run1";"EXP_female";257,416666666667;19,7958717686201;1,1525181758529;0,436517473558257;11,850537286;196;0,740433430638406
"PE200F_rep2";"female";"female_whole";"200";"exposed";"run1";"EXP_female";116,25;8,42857162017691;0,939976716754148;0,519216569432187;5,8822261105;100;0,368801192506877
"PE200F_rep3";"female";"female_whole";"200";"exposed";"run1";"EXP_female";135,176470588235;13,6426418858993;0,89250722123522;0,497005524069423;9,704460461;106;0,624309231150577
"PE200L_rep1";"larvae";"larvae_whole";"200";"exposed";"run1";"EXP_larvae";491,266666666667;23,0068655623492;2,37778339164849;0,790922400535133;7,2650948995;402;0,00364397301295234
"PE200L_rep2";"larvae";"larvae_whole";"200";"exposed";"run1";"EXP_larvae";486,015873015873;21,8770280501281;2,0339881858772;0,656365020056727;7,5037263515;401;0,000436585898275486
"PE200L_rep3";"larvae";"larvae_whole";"200";"exposed";"run1";"EXP_larvae";396,018518518519;18,1361813339387;2,56620383664638;0,801275214478943;6,8195238125;333;0,000868097419821558
"PE60_rep1";"female";"female_midgut";"60";"exposed";"run2";"EXP_femaleMID";116,769230769231;10,0160695364919;0,424097935908664;0,108650353935674;27,589346579;99;0,944045576804964
"PE60_rep2";"female";"female_midgut";"60";"exposed";"run2";"EXP_femaleMID";122,071428571429;15,106889522891;0,0893872044768848;0,0186093882910724;17,546500561;91;0,99065021172997
"PE60_rep3";"female";"female_midgut";"60";"exposed";"run2";"EXP_femaleMID";118;14,3135824576053;0,211671710250049;0,0622240101565241;13,870543029;89;0,968221029852074
"PE600_rep1";"female";"female_midgut";"600";"exposed";"run2";"EXP_femaleMID";103,615384615385;8,64571099900191;0,831820734242606;0,253165118534955;13,096654727;89;0,863040734366036
"PE600_rep10";"female";"female_midgut";"600";"exposed";"run2";"EXP_femaleMID";110,5;17,932692156054;0,300018845150487;0,0760516523242979;11,872792902;82;0,961179130583166
"PE600_rep2";"female";"female_midgut";"600";"exposed";"run2";"EXP_femaleMID";129;13,0134900879637;0,130349205891014;0,0279345991892274;13,94859284;104;0,985931041250138
"PE600_rep3";"female";"female_midgut";"600";"exposed";"run2";"EXP_femaleMID";140,05;12,6798320403925;0,319886385763341;0,106689662830214;19,683683986;112;0,944583660727559
"PE600_rep4";"female";"female_midgut";"600";"exposed";"run2";"EXP_femaleMID";147,166666666667;11,6342868755728;0,85244181445325;0,44327908925909;8,7690997275;123;0,699409106708377
"PE600_rep5";"female";"female_midgut";"600";"exposed";"run2";"EXP_femaleMID";149;21,8490763203171;0,766833106327612;0,341573657849746;16,7835458675;107;0,163420427553444
"PE600_rep6";"female";"female_midgut";"600";"exposed";"run2";"EXP_femaleMID";119,647058823529;10,4796426645486;0,207171759164548;0,0534340900970869;7,8352679675;99;0,97287270251872
"PE600_rep7";"female";"female_midgut";"600";"exposed";"run2";"EXP_femaleMID";160,9375;19,1232072029339;0,144222689362552;0,030973117670115;25,172070265;117;0,984388612539696
"PE600_rep8";"female";"female_midgut";"600";"exposed";"run2";"EXP_femaleMID";71,2;10,2152483511858;0,954716953713285;0,410329925277132;13,071819254;58;0,00161523777558683
"PE600_rep9";"female";"female_midgut";"600";"exposed";"run2";"EXP_femaleMID";113;14,0458562108604;0,0618889252780484;0,0129560689315106;21,58630285;84;0,993499550955823
"PE600F_rep1";"female";"female_whole";"600";"exposed";"run1";"EXP_female";260,1875;43,0386016564979;0,902984714631717;0,393558641840166;11,532137839;142;0,766002035806239
"PE600F_rep2";"female";"female_whole";"600";"exposed";"run1";"EXP_female";151,055555555556;16,8508257573644;0,99054833186908;0,550110315435883;11,696043356;112;0,452163411048099
"PE600F_rep3";"female";"female_whole";"600";"exposed";"run1";"EXP_female";161;26,1663147255173;0,243397173598496;0,0629973987624832;15,060671346;101;0,967942660509565
"PE600L_rep1";"larvae";"larvae_whole";"600";"exposed";"run1";"EXP_larvae";373,40625;26,2763240994772;1,82970589828452;0,583535076588153;7,0722572045;289;0,0029247044181705
"PE600L_rep2";"larvae";"larvae_whole";"600";"exposed";"run1";"EXP_larvae";461,188679245283;25,4189399927181;2,0128841914453;0,682103555286523;7,4283314375;364;0,00376283198772513
"PE600L_rep3";"larvae";"larvae_whole";"600";"exposed";"run1";"EXP_larvae";560,458333333333;39,1681906092425;3,00276432368235;0,870674133683573;7,3609665255;399;0,000609446419502285
"PE60F_rep1";"female";"female_whole";"60";"exposed";"run1";"EXP_female";262,783783783784;17,4868899906519;1,44834917865558;0,652158302038976;5,7893738795;210;0,434705503009458
"PE60F_rep2";"female";"female_whole";"60";"exposed";"run1";"EXP_female";162,588235294118;18,6739663267328;1,26224870439078;0,621872665951643;12,867513804;119;0,539268910604416
"PE60F_rep3";"female";"female_whole";"60";"exposed";"run1";"EXP_female";120,5;21,7851668768137;0,149625063838663;0,0371483268394472;11,221737918;77;0,981230232116006
"PE60L_rep1";"larvae";"larvae_whole";"60";"exposed";"run1";"EXP_larvae";553;28,6526543218338;2,1808517802749;0,722054657446748;7,6681817115;436;0,0140692314644654
"PE60L_rep2";"larvae";"larvae_whole";"60";"exposed";"run1";"EXP_larvae";486,352941176471;19,5787646089262;2,17808908298812;0,737813647694137;7,6455360105;418;5,53786515298352e-05
"PE60L_rep3";"larvae";"larvae_whole";"60";"exposed";"run1";"EXP_larvae";489,634146341463;34,6325410556394;3,06935855585295;0,891261180740959;8,3399030415;359;4,78102887741442e-05
"standard_run2";"standard";"";"";"";"run2";"";65;0;2,58873658102342;0,85829561350616;2,2504266005;65;0
