"";"stage";"sample_type";"treatment";"exposition";"run";"stage_exp";"se.chao1";"SR";"SampleID";"alpha_type";"alpha_diversity"
"1";"female";"female_whole";"control";"unexposed";"run1";"UNEXP_female";8,86008231864718;81;"controlF_rep1";"Chao1";98,1052631578947
"2";"female";"female_whole";"control";"unexposed";"run1";"UNEXP_female";8,86008231864718;81;"controlF_rep1";"alpha_shannon";0,229748836030785
"3";"female";"female_whole";"control";"unexposed";"run1";"UNEXP_female";8,86008231864718;81;"controlF_rep1";"alpha_simpson";0,0768777131072997
"4";"female";"female_whole";"control";"unexposed";"run1";"UNEXP_female";8,86008231864718;81;"controlF_rep1";"PD";10,005394216
"5";"female";"female_whole";"control";"unexposed";"run1";"UNEXP_female";8,86008231864718;81;"controlF_rep1";"core_abundance";0,960401779890714
"6";"female";"female_whole";"control";"unexposed";"run1";"UNEXP_female";17,787079348301;130;"controlF_rep2";"Chao1";177,04
"7";"female";"female_whole";"control";"unexposed";"run1";"UNEXP_female";17,787079348301;130;"controlF_rep2";"alpha_shannon";0,903618348723251
"8";"female";"female_whole";"control";"unexposed";"run1";"UNEXP_female";17,787079348301;130;"controlF_rep2";"alpha_simpson";0,48940408331533
"9";"female";"female_whole";"control";"unexposed";"run1";"UNEXP_female";17,787079348301;130;"controlF_rep2";"PD";9,323374075
"10";"female";"female_whole";"control";"unexposed";"run1";"UNEXP_female";17,787079348301;130;"controlF_rep2";"core_abundance";0,641478729030771
"11";"female";"female_whole";"control";"unexposed";"run1";"UNEXP_female";24,0795368713589;97;"controlF_rep3";"Chao1";152,714285714286
"12";"female";"female_whole";"control";"unexposed";"run1";"UNEXP_female";24,0795368713589;97;"controlF_rep3";"alpha_shannon";0,240444206070251
"13";"female";"female_whole";"control";"unexposed";"run1";"UNEXP_female";24,0795368713589;97;"controlF_rep3";"alpha_simpson";0,0700179622874946
"14";"female";"female_whole";"control";"unexposed";"run1";"UNEXP_female";24,0795368713589;97;"controlF_rep3";"PD";9,748085378
"15";"female";"female_whole";"control";"unexposed";"run1";"UNEXP_female";24,0795368713589;97;"controlF_rep3";"core_abundance";0,964236316933412
"16";"larvae";"larvae_whole";"control";"unexposed";"run1";"UNEXP_larvae";14,6382236315102;384;"controlL_rep1";"Chao1";431,333333333333
"17";"larvae";"larvae_whole";"control";"unexposed";"run1";"UNEXP_larvae";14,6382236315102;384;"controlL_rep1";"alpha_shannon";2,72465943712485
"18";"larvae";"larvae_whole";"control";"unexposed";"run1";"UNEXP_larvae";14,6382236315102;384;"controlL_rep1";"alpha_simpson";0,829860333453932
"19";"larvae";"larvae_whole";"control";"unexposed";"run1";"UNEXP_larvae";14,6382236315102;384;"controlL_rep1";"PD";7,5065160755
"20";"larvae";"larvae_whole";"control";"unexposed";"run1";"UNEXP_larvae";14,6382236315102;384;"controlL_rep1";"core_abundance";0,000266910699306032
"21";"larvae";"larvae_whole";"control";"unexposed";"run1";"UNEXP_larvae";15,6257618824898;492;"controlL_rep2";"Chao1";551,158536585366
"22";"larvae";"larvae_whole";"control";"unexposed";"run1";"UNEXP_larvae";15,6257618824898;492;"controlL_rep2";"alpha_shannon";3,12924559070526
"23";"larvae";"larvae_whole";"control";"unexposed";"run1";"UNEXP_larvae";15,6257618824898;492;"controlL_rep2";"alpha_simpson";0,835775555784038
"24";"larvae";"larvae_whole";"control";"unexposed";"run1";"UNEXP_larvae";15,6257618824898;492;"controlL_rep2";"PD";8,1223732265
"25";"larvae";"larvae_whole";"control";"unexposed";"run1";"UNEXP_larvae";15,6257618824898;492;"controlL_rep2";"core_abundance";0,00105959142154785
"26";"larvae";"larvae_whole";"control";"unexposed";"run1";"UNEXP_larvae";18,1426923736172;380;"controlL_rep3";"Chao1";446,048387096774
"27";"larvae";"larvae_whole";"control";"unexposed";"run1";"UNEXP_larvae";18,1426923736172;380;"controlL_rep3";"alpha_shannon";3,18229660217434
"28";"larvae";"larvae_whole";"control";"unexposed";"run1";"UNEXP_larvae";18,1426923736172;380;"controlL_rep3";"alpha_simpson";0,891620504938656
"29";"larvae";"larvae_whole";"control";"unexposed";"run1";"UNEXP_larvae";18,1426923736172;380;"controlL_rep3";"PD";7,5214239305
"30";"larvae";"larvae_whole";"control";"unexposed";"run1";"UNEXP_larvae";18,1426923736172;380;"controlL_rep3";"core_abundance";0,00106837606837607
"31";"female";"female_midgut";"control";"unexposed";"run2";"UNEXP_femaleMID";27,7587121206299;93;"ControlPE_rep1";"Chao1";153,545454545455
"32";"female";"female_midgut";"control";"unexposed";"run2";"UNEXP_femaleMID";27,7587121206299;93;"ControlPE_rep1";"alpha_shannon";0,239195097518819
"33";"female";"female_midgut";"control";"unexposed";"run2";"UNEXP_femaleMID";27,7587121206299;93;"ControlPE_rep1";"alpha_simpson";0,0607754077933209
"34";"female";"female_midgut";"control";"unexposed";"run2";"UNEXP_femaleMID";27,7587121206299;93;"ControlPE_rep1";"PD";25,97765975
"35";"female";"female_midgut";"control";"unexposed";"run2";"UNEXP_femaleMID";27,7587121206299;93;"ControlPE_rep1";"core_abundance";0,969096297974363
"36";"female";"female_midgut";"control";"unexposed";"run2";"UNEXP_femaleMID";8,65527572852287;76;"ControlPE_rep2";"Chao1";91
"37";"female";"female_midgut";"control";"unexposed";"run2";"UNEXP_femaleMID";8,65527572852287;76;"ControlPE_rep2";"alpha_shannon";0,20102238008407
"38";"female";"female_midgut";"control";"unexposed";"run2";"UNEXP_femaleMID";8,65527572852287;76;"ControlPE_rep2";"alpha_simpson";0,0491062052277126
"39";"female";"female_midgut";"control";"unexposed";"run2";"UNEXP_femaleMID";8,65527572852287;76;"ControlPE_rep2";"PD";17,410239765
"40";"female";"female_midgut";"control";"unexposed";"run2";"UNEXP_femaleMID";8,65527572852287;76;"ControlPE_rep2";"core_abundance";0,975122610964631
"41";"female";"female_midgut";"control";"unexposed";"run2";"UNEXP_femaleMID";14,3138855755178;103;"ControlPE_rep3";"Chao1";132
"42";"female";"female_midgut";"control";"unexposed";"run2";"UNEXP_femaleMID";14,3138855755178;103;"ControlPE_rep3";"alpha_shannon";1,0373710008353
"43";"female";"female_midgut";"control";"unexposed";"run2";"UNEXP_femaleMID";14,3138855755178;103;"ControlPE_rep3";"alpha_simpson";0,556397594016409
"44";"female";"female_midgut";"control";"unexposed";"run2";"UNEXP_femaleMID";14,3138855755178;103;"ControlPE_rep3";"PD";8,747745077
"45";"female";"female_midgut";"control";"unexposed";"run2";"UNEXP_femaleMID";14,3138855755178;103;"ControlPE_rep3";"core_abundance";0,428490693307568
"46";"female";"female_midgut";"control";"unexposed";"run2";"UNEXP_femaleMID";15,0735809913325;94;"ControlPE_rep4";"Chao1";112,333333333333
"47";"female";"female_midgut";"control";"unexposed";"run2";"UNEXP_femaleMID";15,0735809913325;94;"ControlPE_rep4";"alpha_shannon";3,86124081523646
"48";"female";"female_midgut";"control";"unexposed";"run2";"UNEXP_femaleMID";15,0735809913325;94;"ControlPE_rep4";"alpha_simpson";0,962308242996218
"49";"female";"female_midgut";"control";"unexposed";"run2";"UNEXP_femaleMID";15,0735809913325;94;"ControlPE_rep4";"PD";16,394892413
"50";"female";"female_midgut";"control";"unexposed";"run2";"UNEXP_femaleMID";15,0735809913325;94;"ControlPE_rep4";"core_abundance";0,0875705034468352
"51";"female";"female_midgut";"control";"unexposed";"run2";"UNEXP_femaleMID";16,0027508828317;150;"ControlPE_rep5";"Chao1";185,0625
"52";"female";"female_midgut";"control";"unexposed";"run2";"UNEXP_femaleMID";16,0027508828317;150;"ControlPE_rep5";"alpha_shannon";0,873018589774681
"53";"female";"female_midgut";"control";"unexposed";"run2";"UNEXP_femaleMID";16,0027508828317;150;"ControlPE_rep5";"alpha_simpson";0,383087092315124
"54";"female";"female_midgut";"control";"unexposed";"run2";"UNEXP_femaleMID";16,0027508828317;150;"ControlPE_rep5";"PD";28,955129616
"55";"female";"female_midgut";"control";"unexposed";"run2";"UNEXP_femaleMID";16,0027508828317;150;"ControlPE_rep5";"core_abundance";0,188185158879659
"56";"female";"female_midgut";"control";"unexposed";"run2";"UNEXP_femaleMID";40,5470613034748;73;"ControlPE_rep6";"Chao1";153,142857142857
"57";"female";"female_midgut";"control";"unexposed";"run2";"UNEXP_femaleMID";40,5470613034748;73;"ControlPE_rep6";"alpha_shannon";0,0713559000134946
"58";"female";"female_midgut";"control";"unexposed";"run2";"UNEXP_femaleMID";40,5470613034748;73;"ControlPE_rep6";"alpha_simpson";0,0150896489772528
"59";"female";"female_midgut";"control";"unexposed";"run2";"UNEXP_femaleMID";40,5470613034748;73;"ControlPE_rep6";"PD";11,835281901
"60";"female";"female_midgut";"control";"unexposed";"run2";"UNEXP_femaleMID";40,5470613034748;73;"ControlPE_rep6";"core_abundance";0,992425147146635
"61";"female";"female_midgut";"control";"unexposed";"run2";"UNEXP_femaleMID";11,7895272467264;86;"ControlPE_rep7";"Chao1";109,625
"62";"female";"female_midgut";"control";"unexposed";"run2";"UNEXP_femaleMID";11,7895272467264;86;"ControlPE_rep7";"alpha_shannon";0,115936263511985
"63";"female";"female_midgut";"control";"unexposed";"run2";"UNEXP_femaleMID";11,7895272467264;86;"ControlPE_rep7";"alpha_simpson";0,0280710208559427
"64";"female";"female_midgut";"control";"unexposed";"run2";"UNEXP_femaleMID";11,7895272467264;86;"ControlPE_rep7";"PD";11,609396566
"65";"female";"female_midgut";"control";"unexposed";"run2";"UNEXP_femaleMID";11,7895272467264;86;"ControlPE_rep7";"core_abundance";0,985850502820702
"66";"female";"female_midgut";"control";"unexposed";"run2";"UNEXP_femaleMID";12,4647651550428;82;"ControlPE_rep8";"Chao1";105
"67";"female";"female_midgut";"control";"unexposed";"run2";"UNEXP_femaleMID";12,4647651550428;82;"ControlPE_rep8";"alpha_shannon";0,0859570812188337
"68";"female";"female_midgut";"control";"unexposed";"run2";"UNEXP_femaleMID";12,4647651550428;82;"ControlPE_rep8";"alpha_simpson";0,0179806913532281
"69";"female";"female_midgut";"control";"unexposed";"run2";"UNEXP_femaleMID";12,4647651550428;82;"ControlPE_rep8";"PD";23,094202073
"70";"female";"female_midgut";"control";"unexposed";"run2";"UNEXP_femaleMID";12,4647651550428;82;"ControlPE_rep8";"core_abundance";0,990967694039915
"71";"female";"female_midgut";"control";"unexposed";"run2";"UNEXP_femaleMID";27,4635694332147;146;"ControlPE_rep9";"Chao1";207,75
"72";"female";"female_midgut";"control";"unexposed";"run2";"UNEXP_femaleMID";27,4635694332147;146;"ControlPE_rep9";"alpha_shannon";1,3910459341856
"73";"female";"female_midgut";"control";"unexposed";"run2";"UNEXP_femaleMID";27,4635694332147;146;"ControlPE_rep9";"alpha_simpson";0,473077702896059
"74";"female";"female_midgut";"control";"unexposed";"run2";"UNEXP_femaleMID";27,4635694332147;146;"ControlPE_rep9";"PD";27,034903572
"75";"female";"female_midgut";"control";"unexposed";"run2";"UNEXP_femaleMID";27,4635694332147;146;"ControlPE_rep9";"core_abundance";0,719287022126139
"76";"female";"female_midgut";"200";"exposed";"run2";"EXP_femaleMID";16,6958163300523;86;"PE200_rep1";"Chao1";114,875
"77";"female";"female_midgut";"200";"exposed";"run2";"EXP_femaleMID";16,6958163300523;86;"PE200_rep1";"alpha_shannon";0,425131471022965
"78";"female";"female_midgut";"200";"exposed";"run2";"EXP_femaleMID";16,6958163300523;86;"PE200_rep1";"alpha_simpson";0,159667762466039
"79";"female";"female_midgut";"200";"exposed";"run2";"EXP_femaleMID";16,6958163300523;86;"PE200_rep1";"PD";12,1452798855
"80";"female";"female_midgut";"200";"exposed";"run2";"EXP_femaleMID";16,6958163300523;86;"PE200_rep1";"core_abundance";0,0635883826335878
"81";"female";"female_midgut";"200";"exposed";"run2";"EXP_femaleMID";15,0400827417894;144;"PE200_rep10";"Chao1";173,25
"82";"female";"female_midgut";"200";"exposed";"run2";"EXP_femaleMID";15,0400827417894;144;"PE200_rep10";"alpha_shannon";0,774690096905918
"83";"female";"female_midgut";"200";"exposed";"run2";"EXP_femaleMID";15,0400827417894;144;"PE200_rep10";"alpha_simpson";0,214952184195365
"84";"female";"female_midgut";"200";"exposed";"run2";"EXP_femaleMID";15,0400827417894;144;"PE200_rep10";"PD";39,91586062
"85";"female";"female_midgut";"200";"exposed";"run2";"EXP_femaleMID";15,0400827417894;144;"PE200_rep10";"core_abundance";0,885419028187108
"86";"female";"female_midgut";"200";"exposed";"run2";"EXP_femaleMID";22,7401462789152;100;"PE200_rep11";"Chao1";130,333333333333
"87";"female";"female_midgut";"200";"exposed";"run2";"EXP_femaleMID";22,7401462789152;100;"PE200_rep11";"alpha_shannon";3,59274406150486
"88";"female";"female_midgut";"200";"exposed";"run2";"EXP_femaleMID";22,7401462789152;100;"PE200_rep11";"alpha_simpson";0,926512768735516
"89";"female";"female_midgut";"200";"exposed";"run2";"EXP_femaleMID";22,7401462789152;100;"PE200_rep11";"PD";21,215720049
"90";"female";"female_midgut";"200";"exposed";"run2";"EXP_femaleMID";22,7401462789152;100;"PE200_rep11";"core_abundance";0,234404748572069
"91";"female";"female_midgut";"200";"exposed";"run2";"EXP_femaleMID";11,3309939329153;84;"PE200_rep12";"Chao1";105,428571428571
"92";"female";"female_midgut";"200";"exposed";"run2";"EXP_femaleMID";11,3309939329153;84;"PE200_rep12";"alpha_shannon";0,404701505190323
"93";"female";"female_midgut";"200";"exposed";"run2";"EXP_femaleMID";11,3309939329153;84;"PE200_rep12";"alpha_simpson";0,105254021651253
"94";"female";"female_midgut";"200";"exposed";"run2";"EXP_femaleMID";11,3309939329153;84;"PE200_rep12";"PD";10,2664023475
"95";"female";"female_midgut";"200";"exposed";"run2";"EXP_femaleMID";11,3309939329153;84;"PE200_rep12";"core_abundance";0,945858627080889
"96";"female";"female_midgut";"200";"exposed";"run2";"EXP_femaleMID";10,4628145588368;141;"PE200_rep13";"Chao1";162
"97";"female";"female_midgut";"200";"exposed";"run2";"EXP_femaleMID";10,4628145588368;141;"PE200_rep13";"alpha_shannon";0,338350183408864
"98";"female";"female_midgut";"200";"exposed";"run2";"EXP_femaleMID";10,4628145588368;141;"PE200_rep13";"alpha_simpson";0,0825381069423228
"99";"female";"female_midgut";"200";"exposed";"run2";"EXP_femaleMID";10,4628145588368;141;"PE200_rep13";"PD";29,829476272
"100";"female";"female_midgut";"200";"exposed";"run2";"EXP_femaleMID";10,4628145588368;141;"PE200_rep13";"core_abundance";0,95779397532059
"101";"female";"female_midgut";"200";"exposed";"run2";"EXP_femaleMID";12,1430312754332;76;"PE200_rep14";"Chao1";93,5
"102";"female";"female_midgut";"200";"exposed";"run2";"EXP_femaleMID";12,1430312754332;76;"PE200_rep14";"alpha_shannon";1,42061534654524
"103";"female";"female_midgut";"200";"exposed";"run2";"EXP_femaleMID";12,1430312754332;76;"PE200_rep14";"alpha_simpson";0,410361825852087
"104";"female";"female_midgut";"200";"exposed";"run2";"EXP_femaleMID";12,1430312754332;76;"PE200_rep14";"PD";19,525064724
"105";"female";"female_midgut";"200";"exposed";"run2";"EXP_femaleMID";12,1430312754332;76;"PE200_rep14";"core_abundance";0,766803210165524
"106";"female";"female_midgut";"200";"exposed";"run2";"EXP_femaleMID";25,613002422071;91;"PE200_rep15";"Chao1";129,25
"107";"female";"female_midgut";"200";"exposed";"run2";"EXP_femaleMID";25,613002422071;91;"PE200_rep15";"alpha_shannon";0,712364866001548
"108";"female";"female_midgut";"200";"exposed";"run2";"EXP_femaleMID";25,613002422071;91;"PE200_rep15";"alpha_simpson";0,18675881246637
"109";"female";"female_midgut";"200";"exposed";"run2";"EXP_femaleMID";25,613002422071;91;"PE200_rep15";"PD";14,814207517
"110";"female";"female_midgut";"200";"exposed";"run2";"EXP_femaleMID";25,613002422071;91;"PE200_rep15";"core_abundance";0,901682223817827
"111";"female";"female_midgut";"200";"exposed";"run2";"EXP_femaleMID";21,9271664532593;83;"PE200_rep16";"Chao1";117,2
"112";"female";"female_midgut";"200";"exposed";"run2";"EXP_femaleMID";21,9271664532593;83;"PE200_rep16";"alpha_shannon";2,05766397776426
"113";"female";"female_midgut";"200";"exposed";"run2";"EXP_femaleMID";21,9271664532593;83;"PE200_rep16";"alpha_simpson";0,625694339518518
"114";"female";"female_midgut";"200";"exposed";"run2";"EXP_femaleMID";21,9271664532593;83;"PE200_rep16";"PD";32,243199112
"115";"female";"female_midgut";"200";"exposed";"run2";"EXP_femaleMID";21,9271664532593;83;"PE200_rep16";"core_abundance";0,606143079315708
"116";"female";"female_midgut";"200";"exposed";"run2";"EXP_femaleMID";33,4576075717434;117;"PE200_rep2";"Chao1";169,5
"117";"female";"female_midgut";"200";"exposed";"run2";"EXP_femaleMID";33,4576075717434;117;"PE200_rep2";"alpha_shannon";1,48799431503043
"118";"female";"female_midgut";"200";"exposed";"run2";"EXP_femaleMID";33,4576075717434;117;"PE200_rep2";"alpha_simpson";0,638578658768482
"119";"female";"female_midgut";"200";"exposed";"run2";"EXP_femaleMID";33,4576075717434;117;"PE200_rep2";"PD";3,8332599695
"120";"female";"female_midgut";"200";"exposed";"run2";"EXP_femaleMID";33,4576075717434;117;"PE200_rep2";"core_abundance";0,0318097907835362
"121";"female";"female_midgut";"200";"exposed";"run2";"EXP_femaleMID";8,84798871883029;78;"PE200_rep3";"Chao1";91,3333333333333
"122";"female";"female_midgut";"200";"exposed";"run2";"EXP_femaleMID";8,84798871883029;78;"PE200_rep3";"alpha_shannon";1,03392242967291
"123";"female";"female_midgut";"200";"exposed";"run2";"EXP_femaleMID";8,84798871883029;78;"PE200_rep3";"alpha_simpson";0,469924204126326
"124";"female";"female_midgut";"200";"exposed";"run2";"EXP_femaleMID";8,84798871883029;78;"PE200_rep3";"PD";3,5772287395
"125";"female";"female_midgut";"200";"exposed";"run2";"EXP_femaleMID";8,84798871883029;78;"PE200_rep3";"core_abundance";0,0768803693530477
"126";"female";"female_midgut";"200";"exposed";"run2";"EXP_femaleMID";19,5421311776215;131;"PE200_rep4";"Chao1";162,666666666667
"127";"female";"female_midgut";"200";"exposed";"run2";"EXP_femaleMID";19,5421311776215;131;"PE200_rep4";"alpha_shannon";2,05227715949579
"128";"female";"female_midgut";"200";"exposed";"run2";"EXP_femaleMID";19,5421311776215;131;"PE200_rep4";"alpha_simpson";0,707844862896096
"129";"female";"female_midgut";"200";"exposed";"run2";"EXP_femaleMID";19,5421311776215;131;"PE200_rep4";"PD";3,9231065375
"130";"female";"female_midgut";"200";"exposed";"run2";"EXP_femaleMID";19,5421311776215;131;"PE200_rep4";"core_abundance";0,0206214318524838
"131";"female";"female_midgut";"200";"exposed";"run2";"EXP_femaleMID";15,9131394698274;111;"PE200_rep5";"Chao1";148
"132";"female";"female_midgut";"200";"exposed";"run2";"EXP_femaleMID";15,9131394698274;111;"PE200_rep5";"alpha_shannon";0,98400363312202
"133";"female";"female_midgut";"200";"exposed";"run2";"EXP_femaleMID";15,9131394698274;111;"PE200_rep5";"alpha_simpson";0,457073072921389
"134";"female";"female_midgut";"200";"exposed";"run2";"EXP_femaleMID";15,9131394698274;111;"PE200_rep5";"PD";8,248204554
"135";"female";"female_midgut";"200";"exposed";"run2";"EXP_femaleMID";15,9131394698274;111;"PE200_rep5";"core_abundance";0,708745567705621
"136";"female";"female_midgut";"200";"exposed";"run2";"EXP_femaleMID";14,3139423492702;106;"PE200_rep6";"Chao1";135
"137";"female";"female_midgut";"200";"exposed";"run2";"EXP_femaleMID";14,3139423492702;106;"PE200_rep6";"alpha_shannon";0,118181003780547
"138";"female";"female_midgut";"200";"exposed";"run2";"EXP_femaleMID";14,3139423492702;106;"PE200_rep6";"alpha_simpson";0,0249785579034466
"139";"female";"female_midgut";"200";"exposed";"run2";"EXP_femaleMID";14,3139423492702;106;"PE200_rep6";"PD";19,498962222
"140";"female";"female_midgut";"200";"exposed";"run2";"EXP_femaleMID";14,3139423492702;106;"PE200_rep6";"core_abundance";0,987429799698652
"141";"female";"female_midgut";"200";"exposed";"run2";"EXP_femaleMID";77,2753955844587;71;"PE200_rep7";"Chao1";186,5
"142";"female";"female_midgut";"200";"exposed";"run2";"EXP_femaleMID";77,2753955844587;71;"PE200_rep7";"alpha_shannon";0,646423036224625
"143";"female";"female_midgut";"200";"exposed";"run2";"EXP_femaleMID";77,2753955844587;71;"PE200_rep7";"alpha_simpson";0,3356805842758
"144";"female";"female_midgut";"200";"exposed";"run2";"EXP_femaleMID";77,2753955844587;71;"PE200_rep7";"PD";12,067100555
"145";"female";"female_midgut";"200";"exposed";"run2";"EXP_femaleMID";77,2753955844587;71;"PE200_rep7";"core_abundance";0,182824099398296
"146";"female";"female_midgut";"200";"exposed";"run2";"EXP_femaleMID";13,4926092750996;57;"PE200_rep8";"Chao1";77
"147";"female";"female_midgut";"200";"exposed";"run2";"EXP_femaleMID";13,4926092750996;57;"PE200_rep8";"alpha_shannon";0,844773016630852
"148";"female";"female_midgut";"200";"exposed";"run2";"EXP_femaleMID";13,4926092750996;57;"PE200_rep8";"alpha_simpson";0,50798440243925
"149";"female";"female_midgut";"200";"exposed";"run2";"EXP_femaleMID";13,4926092750996;57;"PE200_rep8";"PD";4,7383812185
"150";"female";"female_midgut";"200";"exposed";"run2";"EXP_femaleMID";13,4926092750996;57;"PE200_rep8";"core_abundance";0,00683659419129655
"151";"female";"female_midgut";"200";"exposed";"run2";"EXP_femaleMID";26,1094300451058;115;"PE200_rep9";"Chao1";179,6875
"152";"female";"female_midgut";"200";"exposed";"run2";"EXP_femaleMID";26,1094300451058;115;"PE200_rep9";"alpha_shannon";0,930564070049868
"153";"female";"female_midgut";"200";"exposed";"run2";"EXP_femaleMID";26,1094300451058;115;"PE200_rep9";"alpha_simpson";0,525152229552427
"154";"female";"female_midgut";"200";"exposed";"run2";"EXP_femaleMID";26,1094300451058;115;"PE200_rep9";"PD";6,4965879745
"155";"female";"female_midgut";"200";"exposed";"run2";"EXP_femaleMID";26,1094300451058;115;"PE200_rep9";"core_abundance";0,394196623263348
"156";"female";"female_whole";"200";"exposed";"run1";"EXP_female";19,7958717686201;196;"PE200F_rep1";"Chao1";257,416666666667
"157";"female";"female_whole";"200";"exposed";"run1";"EXP_female";19,7958717686201;196;"PE200F_rep1";"alpha_shannon";1,1525181758529
"158";"female";"female_whole";"200";"exposed";"run1";"EXP_female";19,7958717686201;196;"PE200F_rep1";"alpha_simpson";0,436517473558257
"159";"female";"female_whole";"200";"exposed";"run1";"EXP_female";19,7958717686201;196;"PE200F_rep1";"PD";11,850537286
"160";"female";"female_whole";"200";"exposed";"run1";"EXP_female";19,7958717686201;196;"PE200F_rep1";"core_abundance";0,740433430638406
"161";"female";"female_whole";"200";"exposed";"run1";"EXP_female";8,42857162017691;100;"PE200F_rep2";"Chao1";116,25
"162";"female";"female_whole";"200";"exposed";"run1";"EXP_female";8,42857162017691;100;"PE200F_rep2";"alpha_shannon";0,939976716754148
"163";"female";"female_whole";"200";"exposed";"run1";"EXP_female";8,42857162017691;100;"PE200F_rep2";"alpha_simpson";0,519216569432187
"164";"female";"female_whole";"200";"exposed";"run1";"EXP_female";8,42857162017691;100;"PE200F_rep2";"PD";5,8822261105
"165";"female";"female_whole";"200";"exposed";"run1";"EXP_female";8,42857162017691;100;"PE200F_rep2";"core_abundance";0,368801192506877
"166";"female";"female_whole";"200";"exposed";"run1";"EXP_female";13,6426418858993;106;"PE200F_rep3";"Chao1";135,176470588235
"167";"female";"female_whole";"200";"exposed";"run1";"EXP_female";13,6426418858993;106;"PE200F_rep3";"alpha_shannon";0,89250722123522
"168";"female";"female_whole";"200";"exposed";"run1";"EXP_female";13,6426418858993;106;"PE200F_rep3";"alpha_simpson";0,497005524069423
"169";"female";"female_whole";"200";"exposed";"run1";"EXP_female";13,6426418858993;106;"PE200F_rep3";"PD";9,704460461
"170";"female";"female_whole";"200";"exposed";"run1";"EXP_female";13,6426418858993;106;"PE200F_rep3";"core_abundance";0,624309231150577
"171";"larvae";"larvae_whole";"200";"exposed";"run1";"EXP_larvae";23,0068655623492;402;"PE200L_rep1";"Chao1";491,266666666667
"172";"larvae";"larvae_whole";"200";"exposed";"run1";"EXP_larvae";23,0068655623492;402;"PE200L_rep1";"alpha_shannon";2,37778339164849
"173";"larvae";"larvae_whole";"200";"exposed";"run1";"EXP_larvae";23,0068655623492;402;"PE200L_rep1";"alpha_simpson";0,790922400535133
"174";"larvae";"larvae_whole";"200";"exposed";"run1";"EXP_larvae";23,0068655623492;402;"PE200L_rep1";"PD";7,2650948995
"175";"larvae";"larvae_whole";"200";"exposed";"run1";"EXP_larvae";23,0068655623492;402;"PE200L_rep1";"core_abundance";0,00364397301295234
"176";"larvae";"larvae_whole";"200";"exposed";"run1";"EXP_larvae";21,8770280501281;401;"PE200L_rep2";"Chao1";486,015873015873
"177";"larvae";"larvae_whole";"200";"exposed";"run1";"EXP_larvae";21,8770280501281;401;"PE200L_rep2";"alpha_shannon";2,0339881858772
"178";"larvae";"larvae_whole";"200";"exposed";"run1";"EXP_larvae";21,8770280501281;401;"PE200L_rep2";"alpha_simpson";0,656365020056727
"179";"larvae";"larvae_whole";"200";"exposed";"run1";"EXP_larvae";21,8770280501281;401;"PE200L_rep2";"PD";7,5037263515
"180";"larvae";"larvae_whole";"200";"exposed";"run1";"EXP_larvae";21,8770280501281;401;"PE200L_rep2";"core_abundance";0,000436585898275486
"181";"larvae";"larvae_whole";"200";"exposed";"run1";"EXP_larvae";18,1361813339387;333;"PE200L_rep3";"Chao1";396,018518518519
"182";"larvae";"larvae_whole";"200";"exposed";"run1";"EXP_larvae";18,1361813339387;333;"PE200L_rep3";"alpha_shannon";2,56620383664638
"183";"larvae";"larvae_whole";"200";"exposed";"run1";"EXP_larvae";18,1361813339387;333;"PE200L_rep3";"alpha_simpson";0,801275214478943
"184";"larvae";"larvae_whole";"200";"exposed";"run1";"EXP_larvae";18,1361813339387;333;"PE200L_rep3";"PD";6,8195238125
"185";"larvae";"larvae_whole";"200";"exposed";"run1";"EXP_larvae";18,1361813339387;333;"PE200L_rep3";"core_abundance";0,000868097419821558
"186";"female";"female_midgut";"60";"exposed";"run2";"EXP_femaleMID";10,0160695364919;99;"PE60_rep1";"Chao1";116,769230769231
"187";"female";"female_midgut";"60";"exposed";"run2";"EXP_femaleMID";10,0160695364919;99;"PE60_rep1";"alpha_shannon";0,424097935908664
"188";"female";"female_midgut";"60";"exposed";"run2";"EXP_femaleMID";10,0160695364919;99;"PE60_rep1";"alpha_simpson";0,108650353935674
"189";"female";"female_midgut";"60";"exposed";"run2";"EXP_femaleMID";10,0160695364919;99;"PE60_rep1";"PD";27,589346579
"190";"female";"female_midgut";"60";"exposed";"run2";"EXP_femaleMID";10,0160695364919;99;"PE60_rep1";"core_abundance";0,944045576804964
"191";"female";"female_midgut";"60";"exposed";"run2";"EXP_femaleMID";15,106889522891;91;"PE60_rep2";"Chao1";122,071428571429
"192";"female";"female_midgut";"60";"exposed";"run2";"EXP_femaleMID";15,106889522891;91;"PE60_rep2";"alpha_shannon";0,0893872044768848
"193";"female";"female_midgut";"60";"exposed";"run2";"EXP_femaleMID";15,106889522891;91;"PE60_rep2";"alpha_simpson";0,0186093882910724
"194";"female";"female_midgut";"60";"exposed";"run2";"EXP_femaleMID";15,106889522891;91;"PE60_rep2";"PD";17,546500561
"195";"female";"female_midgut";"60";"exposed";"run2";"EXP_femaleMID";15,106889522891;91;"PE60_rep2";"core_abundance";0,99065021172997
"196";"female";"female_midgut";"60";"exposed";"run2";"EXP_femaleMID";14,3135824576053;89;"PE60_rep3";"Chao1";118
"197";"female";"female_midgut";"60";"exposed";"run2";"EXP_femaleMID";14,3135824576053;89;"PE60_rep3";"alpha_shannon";0,211671710250049
"198";"female";"female_midgut";"60";"exposed";"run2";"EXP_femaleMID";14,3135824576053;89;"PE60_rep3";"alpha_simpson";0,0622240101565241
"199";"female";"female_midgut";"60";"exposed";"run2";"EXP_femaleMID";14,3135824576053;89;"PE60_rep3";"PD";13,870543029
"200";"female";"female_midgut";"60";"exposed";"run2";"EXP_femaleMID";14,3135824576053;89;"PE60_rep3";"core_abundance";0,968221029852074
"201";"female";"female_midgut";"600";"exposed";"run2";"EXP_femaleMID";8,64571099900191;89;"PE600_rep1";"Chao1";103,615384615385
"202";"female";"female_midgut";"600";"exposed";"run2";"EXP_femaleMID";8,64571099900191;89;"PE600_rep1";"alpha_shannon";0,831820734242606
"203";"female";"female_midgut";"600";"exposed";"run2";"EXP_femaleMID";8,64571099900191;89;"PE600_rep1";"alpha_simpson";0,253165118534955
"204";"female";"female_midgut";"600";"exposed";"run2";"EXP_femaleMID";8,64571099900191;89;"PE600_rep1";"PD";13,096654727
"205";"female";"female_midgut";"600";"exposed";"run2";"EXP_femaleMID";8,64571099900191;89;"PE600_rep1";"core_abundance";0,863040734366036
"206";"female";"female_midgut";"600";"exposed";"run2";"EXP_femaleMID";17,932692156054;82;"PE600_rep10";"Chao1";110,5
"207";"female";"female_midgut";"600";"exposed";"run2";"EXP_femaleMID";17,932692156054;82;"PE600_rep10";"alpha_shannon";0,300018845150487
"208";"female";"female_midgut";"600";"exposed";"run2";"EXP_femaleMID";17,932692156054;82;"PE600_rep10";"alpha_simpson";0,0760516523242979
"209";"female";"female_midgut";"600";"exposed";"run2";"EXP_femaleMID";17,932692156054;82;"PE600_rep10";"PD";11,872792902
"210";"female";"female_midgut";"600";"exposed";"run2";"EXP_femaleMID";17,932692156054;82;"PE600_rep10";"core_abundance";0,961179130583166
"211";"female";"female_midgut";"600";"exposed";"run2";"EXP_femaleMID";13,0134900879637;104;"PE600_rep2";"Chao1";129
"212";"female";"female_midgut";"600";"exposed";"run2";"EXP_femaleMID";13,0134900879637;104;"PE600_rep2";"alpha_shannon";0,130349205891014
"213";"female";"female_midgut";"600";"exposed";"run2";"EXP_femaleMID";13,0134900879637;104;"PE600_rep2";"alpha_simpson";0,0279345991892274
"214";"female";"female_midgut";"600";"exposed";"run2";"EXP_femaleMID";13,0134900879637;104;"PE600_rep2";"PD";13,94859284
"215";"female";"female_midgut";"600";"exposed";"run2";"EXP_femaleMID";13,0134900879637;104;"PE600_rep2";"core_abundance";0,985931041250138
"216";"female";"female_midgut";"600";"exposed";"run2";"EXP_femaleMID";12,6798320403925;112;"PE600_rep3";"Chao1";140,05
"217";"female";"female_midgut";"600";"exposed";"run2";"EXP_femaleMID";12,6798320403925;112;"PE600_rep3";"alpha_shannon";0,319886385763341
"218";"female";"female_midgut";"600";"exposed";"run2";"EXP_femaleMID";12,6798320403925;112;"PE600_rep3";"alpha_simpson";0,106689662830214
"219";"female";"female_midgut";"600";"exposed";"run2";"EXP_femaleMID";12,6798320403925;112;"PE600_rep3";"PD";19,683683986
"220";"female";"female_midgut";"600";"exposed";"run2";"EXP_femaleMID";12,6798320403925;112;"PE600_rep3";"core_abundance";0,944583660727559
"221";"female";"female_midgut";"600";"exposed";"run2";"EXP_femaleMID";11,6342868755728;123;"PE600_rep4";"Chao1";147,166666666667
"222";"female";"female_midgut";"600";"exposed";"run2";"EXP_femaleMID";11,6342868755728;123;"PE600_rep4";"alpha_shannon";0,85244181445325
"223";"female";"female_midgut";"600";"exposed";"run2";"EXP_femaleMID";11,6342868755728;123;"PE600_rep4";"alpha_simpson";0,44327908925909
"224";"female";"female_midgut";"600";"exposed";"run2";"EXP_femaleMID";11,6342868755728;123;"PE600_rep4";"PD";8,7690997275
"225";"female";"female_midgut";"600";"exposed";"run2";"EXP_femaleMID";11,6342868755728;123;"PE600_rep4";"core_abundance";0,699409106708377
"226";"female";"female_midgut";"600";"exposed";"run2";"EXP_femaleMID";21,8490763203171;107;"PE600_rep5";"Chao1";149
"227";"female";"female_midgut";"600";"exposed";"run2";"EXP_femaleMID";21,8490763203171;107;"PE600_rep5";"alpha_shannon";0,766833106327612
"228";"female";"female_midgut";"600";"exposed";"run2";"EXP_femaleMID";21,8490763203171;107;"PE600_rep5";"alpha_simpson";0,341573657849746
"229";"female";"female_midgut";"600";"exposed";"run2";"EXP_femaleMID";21,8490763203171;107;"PE600_rep5";"PD";16,7835458675
"230";"female";"female_midgut";"600";"exposed";"run2";"EXP_femaleMID";21,8490763203171;107;"PE600_rep5";"core_abundance";0,163420427553444
"231";"female";"female_midgut";"600";"exposed";"run2";"EXP_femaleMID";10,4796426645486;99;"PE600_rep6";"Chao1";119,647058823529
"232";"female";"female_midgut";"600";"exposed";"run2";"EXP_femaleMID";10,4796426645486;99;"PE600_rep6";"alpha_shannon";0,207171759164548
"233";"female";"female_midgut";"600";"exposed";"run2";"EXP_femaleMID";10,4796426645486;99;"PE600_rep6";"alpha_simpson";0,0534340900970869
"234";"female";"female_midgut";"600";"exposed";"run2";"EXP_femaleMID";10,4796426645486;99;"PE600_rep6";"PD";7,8352679675
"235";"female";"female_midgut";"600";"exposed";"run2";"EXP_femaleMID";10,4796426645486;99;"PE600_rep6";"core_abundance";0,97287270251872
"236";"female";"female_midgut";"600";"exposed";"run2";"EXP_femaleMID";19,1232072029339;117;"PE600_rep7";"Chao1";160,9375
"237";"female";"female_midgut";"600";"exposed";"run2";"EXP_femaleMID";19,1232072029339;117;"PE600_rep7";"alpha_shannon";0,144222689362552
"238";"female";"female_midgut";"600";"exposed";"run2";"EXP_femaleMID";19,1232072029339;117;"PE600_rep7";"alpha_simpson";0,030973117670115
"239";"female";"female_midgut";"600";"exposed";"run2";"EXP_femaleMID";19,1232072029339;117;"PE600_rep7";"PD";25,172070265
"240";"female";"female_midgut";"600";"exposed";"run2";"EXP_femaleMID";19,1232072029339;117;"PE600_rep7";"core_abundance";0,984388612539696
"241";"female";"female_midgut";"600";"exposed";"run2";"EXP_femaleMID";10,2152483511858;58;"PE600_rep8";"Chao1";71,2
"242";"female";"female_midgut";"600";"exposed";"run2";"EXP_femaleMID";10,2152483511858;58;"PE600_rep8";"alpha_shannon";0,954716953713285
"243";"female";"female_midgut";"600";"exposed";"run2";"EXP_femaleMID";10,2152483511858;58;"PE600_rep8";"alpha_simpson";0,410329925277132
"244";"female";"female_midgut";"600";"exposed";"run2";"EXP_femaleMID";10,2152483511858;58;"PE600_rep8";"PD";13,071819254
"245";"female";"female_midgut";"600";"exposed";"run2";"EXP_femaleMID";10,2152483511858;58;"PE600_rep8";"core_abundance";0,00161523777558683
"246";"female";"female_midgut";"600";"exposed";"run2";"EXP_femaleMID";14,0458562108604;84;"PE600_rep9";"Chao1";113
"247";"female";"female_midgut";"600";"exposed";"run2";"EXP_femaleMID";14,0458562108604;84;"PE600_rep9";"alpha_shannon";0,0618889252780484
"248";"female";"female_midgut";"600";"exposed";"run2";"EXP_femaleMID";14,0458562108604;84;"PE600_rep9";"alpha_simpson";0,0129560689315106
"249";"female";"female_midgut";"600";"exposed";"run2";"EXP_femaleMID";14,0458562108604;84;"PE600_rep9";"PD";21,58630285
"250";"female";"female_midgut";"600";"exposed";"run2";"EXP_femaleMID";14,0458562108604;84;"PE600_rep9";"core_abundance";0,993499550955823
"251";"female";"female_whole";"600";"exposed";"run1";"EXP_female";43,0386016564979;142;"PE600F_rep1";"Chao1";260,1875
"252";"female";"female_whole";"600";"exposed";"run1";"EXP_female";43,0386016564979;142;"PE600F_rep1";"alpha_shannon";0,902984714631717
"253";"female";"female_whole";"600";"exposed";"run1";"EXP_female";43,0386016564979;142;"PE600F_rep1";"alpha_simpson";0,393558641840166
"254";"female";"female_whole";"600";"exposed";"run1";"EXP_female";43,0386016564979;142;"PE600F_rep1";"PD";11,532137839
"255";"female";"female_whole";"600";"exposed";"run1";"EXP_female";43,0386016564979;142;"PE600F_rep1";"core_abundance";0,766002035806239
"256";"female";"female_whole";"600";"exposed";"run1";"EXP_female";16,8508257573644;112;"PE600F_rep2";"Chao1";151,055555555556
"257";"female";"female_whole";"600";"exposed";"run1";"EXP_female";16,8508257573644;112;"PE600F_rep2";"alpha_shannon";0,99054833186908
"258";"female";"female_whole";"600";"exposed";"run1";"EXP_female";16,8508257573644;112;"PE600F_rep2";"alpha_simpson";0,550110315435883
"259";"female";"female_whole";"600";"exposed";"run1";"EXP_female";16,8508257573644;112;"PE600F_rep2";"PD";11,696043356
"260";"female";"female_whole";"600";"exposed";"run1";"EXP_female";16,8508257573644;112;"PE600F_rep2";"core_abundance";0,452163411048099
"261";"female";"female_whole";"600";"exposed";"run1";"EXP_female";26,1663147255173;101;"PE600F_rep3";"Chao1";161
"262";"female";"female_whole";"600";"exposed";"run1";"EXP_female";26,1663147255173;101;"PE600F_rep3";"alpha_shannon";0,243397173598496
"263";"female";"female_whole";"600";"exposed";"run1";"EXP_female";26,1663147255173;101;"PE600F_rep3";"alpha_simpson";0,0629973987624832
"264";"female";"female_whole";"600";"exposed";"run1";"EXP_female";26,1663147255173;101;"PE600F_rep3";"PD";15,060671346
"265";"female";"female_whole";"600";"exposed";"run1";"EXP_female";26,1663147255173;101;"PE600F_rep3";"core_abundance";0,967942660509565
"266";"larvae";"larvae_whole";"600";"exposed";"run1";"EXP_larvae";26,2763240994772;289;"PE600L_rep1";"Chao1";373,40625
"267";"larvae";"larvae_whole";"600";"exposed";"run1";"EXP_larvae";26,2763240994772;289;"PE600L_rep1";"alpha_shannon";1,82970589828452
"268";"larvae";"larvae_whole";"600";"exposed";"run1";"EXP_larvae";26,2763240994772;289;"PE600L_rep1";"alpha_simpson";0,583535076588153
"269";"larvae";"larvae_whole";"600";"exposed";"run1";"EXP_larvae";26,2763240994772;289;"PE600L_rep1";"PD";7,0722572045
"270";"larvae";"larvae_whole";"600";"exposed";"run1";"EXP_larvae";26,2763240994772;289;"PE600L_rep1";"core_abundance";0,0029247044181705
"271";"larvae";"larvae_whole";"600";"exposed";"run1";"EXP_larvae";25,4189399927181;364;"PE600L_rep2";"Chao1";461,188679245283
"272";"larvae";"larvae_whole";"600";"exposed";"run1";"EXP_larvae";25,4189399927181;364;"PE600L_rep2";"alpha_shannon";2,0128841914453
"273";"larvae";"larvae_whole";"600";"exposed";"run1";"EXP_larvae";25,4189399927181;364;"PE600L_rep2";"alpha_simpson";0,682103555286523
"274";"larvae";"larvae_whole";"600";"exposed";"run1";"EXP_larvae";25,4189399927181;364;"PE600L_rep2";"PD";7,4283314375
"275";"larvae";"larvae_whole";"600";"exposed";"run1";"EXP_larvae";25,4189399927181;364;"PE600L_rep2";"core_abundance";0,00376283198772513
"276";"larvae";"larvae_whole";"600";"exposed";"run1";"EXP_larvae";39,1681906092425;399;"PE600L_rep3";"Chao1";560,458333333333
"277";"larvae";"larvae_whole";"600";"exposed";"run1";"EXP_larvae";39,1681906092425;399;"PE600L_rep3";"alpha_shannon";3,00276432368235
"278";"larvae";"larvae_whole";"600";"exposed";"run1";"EXP_larvae";39,1681906092425;399;"PE600L_rep3";"alpha_simpson";0,870674133683573
"279";"larvae";"larvae_whole";"600";"exposed";"run1";"EXP_larvae";39,1681906092425;399;"PE600L_rep3";"PD";7,3609665255
"280";"larvae";"larvae_whole";"600";"exposed";"run1";"EXP_larvae";39,1681906092425;399;"PE600L_rep3";"core_abundance";0,000609446419502285
"281";"female";"female_whole";"60";"exposed";"run1";"EXP_female";17,4868899906519;210;"PE60F_rep1";"Chao1";262,783783783784
"282";"female";"female_whole";"60";"exposed";"run1";"EXP_female";17,4868899906519;210;"PE60F_rep1";"alpha_shannon";1,44834917865558
"283";"female";"female_whole";"60";"exposed";"run1";"EXP_female";17,4868899906519;210;"PE60F_rep1";"alpha_simpson";0,652158302038976
"284";"female";"female_whole";"60";"exposed";"run1";"EXP_female";17,4868899906519;210;"PE60F_rep1";"PD";5,7893738795
"285";"female";"female_whole";"60";"exposed";"run1";"EXP_female";17,4868899906519;210;"PE60F_rep1";"core_abundance";0,434705503009458
"286";"female";"female_whole";"60";"exposed";"run1";"EXP_female";18,6739663267328;119;"PE60F_rep2";"Chao1";162,588235294118
"287";"female";"female_whole";"60";"exposed";"run1";"EXP_female";18,6739663267328;119;"PE60F_rep2";"alpha_shannon";1,26224870439078
"288";"female";"female_whole";"60";"exposed";"run1";"EXP_female";18,6739663267328;119;"PE60F_rep2";"alpha_simpson";0,621872665951643
"289";"female";"female_whole";"60";"exposed";"run1";"EXP_female";18,6739663267328;119;"PE60F_rep2";"PD";12,867513804
"290";"female";"female_whole";"60";"exposed";"run1";"EXP_female";18,6739663267328;119;"PE60F_rep2";"core_abundance";0,539268910604416
"291";"female";"female_whole";"60";"exposed";"run1";"EXP_female";21,7851668768137;77;"PE60F_rep3";"Chao1";120,5
"292";"female";"female_whole";"60";"exposed";"run1";"EXP_female";21,7851668768137;77;"PE60F_rep3";"alpha_shannon";0,149625063838663
"293";"female";"female_whole";"60";"exposed";"run1";"EXP_female";21,7851668768137;77;"PE60F_rep3";"alpha_simpson";0,0371483268394472
"294";"female";"female_whole";"60";"exposed";"run1";"EXP_female";21,7851668768137;77;"PE60F_rep3";"PD";11,221737918
"295";"female";"female_whole";"60";"exposed";"run1";"EXP_female";21,7851668768137;77;"PE60F_rep3";"core_abundance";0,981230232116006
"296";"larvae";"larvae_whole";"60";"exposed";"run1";"EXP_larvae";28,6526543218338;436;"PE60L_rep1";"Chao1";553
"297";"larvae";"larvae_whole";"60";"exposed";"run1";"EXP_larvae";28,6526543218338;436;"PE60L_rep1";"alpha_shannon";2,1808517802749
"298";"larvae";"larvae_whole";"60";"exposed";"run1";"EXP_larvae";28,6526543218338;436;"PE60L_rep1";"alpha_simpson";0,722054657446748
"299";"larvae";"larvae_whole";"60";"exposed";"run1";"EXP_larvae";28,6526543218338;436;"PE60L_rep1";"PD";7,6681817115
"300";"larvae";"larvae_whole";"60";"exposed";"run1";"EXP_larvae";28,6526543218338;436;"PE60L_rep1";"core_abundance";0,0140692314644654
"301";"larvae";"larvae_whole";"60";"exposed";"run1";"EXP_larvae";19,5787646089262;418;"PE60L_rep2";"Chao1";486,352941176471
"302";"larvae";"larvae_whole";"60";"exposed";"run1";"EXP_larvae";19,5787646089262;418;"PE60L_rep2";"alpha_shannon";2,17808908298812
"303";"larvae";"larvae_whole";"60";"exposed";"run1";"EXP_larvae";19,5787646089262;418;"PE60L_rep2";"alpha_simpson";0,737813647694137
"304";"larvae";"larvae_whole";"60";"exposed";"run1";"EXP_larvae";19,5787646089262;418;"PE60L_rep2";"PD";7,6455360105
"305";"larvae";"larvae_whole";"60";"exposed";"run1";"EXP_larvae";19,5787646089262;418;"PE60L_rep2";"core_abundance";5,53786515298352e-05
"306";"larvae";"larvae_whole";"60";"exposed";"run1";"EXP_larvae";34,6325410556394;359;"PE60L_rep3";"Chao1";489,634146341463
"307";"larvae";"larvae_whole";"60";"exposed";"run1";"EXP_larvae";34,6325410556394;359;"PE60L_rep3";"alpha_shannon";3,06935855585295
"308";"larvae";"larvae_whole";"60";"exposed";"run1";"EXP_larvae";34,6325410556394;359;"PE60L_rep3";"alpha_simpson";0,891261180740959
"309";"larvae";"larvae_whole";"60";"exposed";"run1";"EXP_larvae";34,6325410556394;359;"PE60L_rep3";"PD";8,3399030415
"310";"larvae";"larvae_whole";"60";"exposed";"run1";"EXP_larvae";34,6325410556394;359;"PE60L_rep3";"core_abundance";4,78102887741442e-05
"311";"standard";"";"";"";"run2";"";0;65;"standard_run2";"Chao1";65
"312";"standard";"";"";"";"run2";"";0;65;"standard_run2";"alpha_shannon";2,58873658102342
"313";"standard";"";"";"";"run2";"";0;65;"standard_run2";"alpha_simpson";0,85829561350616
"314";"standard";"";"";"";"run2";"";0;65;"standard_run2";"PD";2,2504266005
"315";"standard";"";"";"";"run2";"";0;65;"standard_run2";"core_abundance";0
